Date,HomeTeam,AwayTeam,FTHG,FTAG,League,TotalGoals,Over1.5,Over2.5,BTTS
2023-08-11,Burnley,Man City,0,3,E0,3,1,1,0
2023-08-12,Arsenal,Nott'm Forest,2,1,E0,3,1,1,1
2023-08-12,Bournemouth,West Ham,1,1,E0,2,1,0,1
2023-08-12,Brighton,Luton,4,1,E0,5,1,1,1
2023-08-12,Everton,Fulham,0,1,E0,1,0,0,0
2023-08-12,Sheffield United,Crystal Palace,0,1,E0,1,0,0,0
2023-08-12,Newcastle,Aston Villa,5,1,E0,6,1,1,1
2023-08-13,Brentford,Tottenham,2,2,E0,4,1,1,1
2023-08-13,Chelsea,Liverpool,1,1,E0,2,1,0,1
2023-08-14,Man United,Wolves,1,0,E0,1,0,0,0
2023-08-18,Nott'm Forest,Sheffield United,2,1,E0,3,1,1,1
2023-08-19,Fulham,Brentford,0,3,E0,3,1,1,0
2023-08-19,Liverpool,Bournemouth,3,1,E0,4,1,1,1
2023-08-19,Wolves,Brighton,1,4,E0,5,1,1,1
2023-08-19,Tottenham,Man United,2,0,E0,2,1,0,0
2023-08-19,Man City,Newcastle,1,0,E0,1,0,0,0
2023-08-20,Aston Villa,Everton,4,0,E0,4,1,1,0
2023-08-20,West Ham,Chelsea,3,1,E0,4,1,1,1
2023-08-21,Crystal Palace,Arsenal,0,1,E0,1,0,0,0
2023-08-25,Chelsea,Luton,3,0,E0,3,1,1,0
2023-08-26,Bournemouth,Tottenham,0,2,E0,2,1,0,0
2023-08-26,Arsenal,Fulham,2,2,E0,4,1,1,1
2023-08-26,Brentford,Crystal Palace,1,1,E0,2,1,0,1
2023-08-26,Everton,Wolves,0,1,E0,1,0,0,0
2023-08-26,Man United,Nott'm Forest,3,2,E0,5,1,1,1
2023-08-26,Brighton,West Ham,1,3,E0,4,1,1,1
2023-08-27,Burnley,Aston Villa,1,3,E0,4,1,1,1
2023-08-27,Sheffield United,Man City,1,2,E0,3,1,1,1
2023-08-27,Newcastle,Liverpool,1,2,E0,3,1,1,1
2023-09-01,Luton,West Ham,1,2,E0,3,1,1,1
2023-09-02,Sheffield United,Everton,2,2,E0,4,1,1,1
2023-09-02,Brentford,Bournemouth,2,2,E0,4,1,1,1
2023-09-02,Burnley,Tottenham,2,5,E0,7,1,1,1
2023-09-02,Chelsea,Nott'm Forest,0,1,E0,1,0,0,0
2023-09-02,Man City,Fulham,5,1,E0,6,1,1,1
2023-09-02,Brighton,Newcastle,3,1,E0,4,1,1,1
2023-09-03,Crystal Palace,Wolves,3,2,E0,5,1,1,1
2023-09-03,Liverpool,Aston Villa,3,0,E0,3,1,1,0
2023-09-03,Arsenal,Man United,3,1,E0,4,1,1,1
2023-09-16,Wolves,Liverpool,1,3,E0,4,1,1,1
2023-09-16,Aston Villa,Crystal Palace,3,1,E0,4,1,1,1
2023-09-16,Fulham,Luton,1,0,E0,1,0,0,0
2023-09-16,Man United,Brighton,1,3,E0,4,1,1,1
2023-09-16,Tottenham,Sheffield United,2,1,E0,3,1,1,1
2023-09-16,West Ham,Man City,1,3,E0,4,1,1,1
2023-09-16,Newcastle,Brentford,1,0,E0,1,0,0,0
2023-09-17,Bournemouth,Chelsea,0,0,E0,0,0,0,0
2023-09-17,Everton,Arsenal,0,1,E0,1,0,0,0
2023-09-18,Nott'm Forest,Burnley,1,1,E0,2,1,0,1
2023-09-23,Crystal Palace,Fulham,0,0,E0,0,0,0,0
2023-09-23,Luton,Wolves,1,1,E0,2,1,0,1
2023-09-23,Man City,Nott'm Forest,2,0,E0,2,1,0,0
2023-09-23,Brentford,Everton,1,3,E0,4,1,1,1
2023-09-23,Burnley,Man United,0,1,E0,1,0,0,0
2023-09-24,Arsenal,Tottenham,2,2,E0,4,1,1,1
2023-09-24,Brighton,Bournemouth,3,1,E0,4,1,1,1
2023-09-24,Chelsea,Aston Villa,0,1,E0,1,0,0,0
2023-09-24,Liverpool,West Ham,3,1,E0,4,1,1,1
2023-09-24,Sheffield United,Newcastle,0,8,E0,8,1,1,0
2023-09-30,Aston Villa,Brighton,6,1,E0,7,1,1,1
2023-09-30,Bournemouth,Arsenal,0,4,E0,4,1,1,0
2023-09-30,Everton,Luton,1,2,E0,3,1,1,1
2023-09-30,Man United,Crystal Palace,0,1,E0,1,0,0,0
2023-09-30,Newcastle,Burnley,2,0,E0,2,1,0,0
2023-09-30,West Ham,Sheffield United,2,0,E0,2,1,0,0
2023-09-30,Wolves,Man City,2,1,E0,3,1,1,1
2023-09-30,Tottenham,Liverpool,2,1,E0,3,1,1,1
2023-10-01,Nott'm Forest,Brentford,1,1,E0,2,1,0,1
2023-10-02,Fulham,Chelsea,0,2,E0,2,1,0,0
2023-10-03,Luton,Burnley,1,2,E0,3,1,1,1
2023-10-07,Luton,Tottenham,0,1,E0,1,0,0,0
2023-10-07,Burnley,Chelsea,1,4,E0,5,1,1,1
2023-10-07,Everton,Bournemouth,3,0,E0,3,1,1,0
2023-10-07,Fulham,Sheffield United,3,1,E0,4,1,1,1
2023-10-07,Man United,Brentford,2,1,E0,3,1,1,1
2023-10-07,Crystal Palace,Nott'm Forest,0,0,E0,0,0,0,0
2023-10-08,Brighton,Liverpool,2,2,E0,4,1,1,1
2023-10-08,West Ham,Newcastle,2,2,E0,4,1,1,1
2023-10-08,Wolves,Aston Villa,1,1,E0,2,1,0,1
2023-10-08,Arsenal,Man City,1,0,E0,1,0,0,0
2023-10-21,Liverpool,Everton,2,0,E0,2,1,0,0
2023-10-21,Bournemouth,Wolves,1,2,E0,3,1,1,1
2023-10-21,Brentford,Burnley,3,0,E0,3,1,1,0
2023-10-21,Man City,Brighton,2,1,E0,3,1,1,1
2023-10-21,Newcastle,Crystal Palace,4,0,E0,4,1,1,0
2023-10-21,Nott'm Forest,Luton,2,2,E0,4,1,1,1
2023-10-21,Chelsea,Arsenal,2,2,E0,4,1,1,1
2023-10-21,Sheffield United,Man United,1,2,E0,3,1,1,1
2023-10-22,Aston Villa,West Ham,4,1,E0,5,1,1,1
2023-10-23,Tottenham,Fulham,2,0,E0,2,1,0,0
2023-10-27,Crystal Palace,Tottenham,1,2,E0,3,1,1,1
2023-10-28,Chelsea,Brentford,0,2,E0,2,1,0,0
2023-10-28,Arsenal,Sheffield United,5,0,E0,5,1,1,0
2023-10-28,Bournemouth,Burnley,2,1,E0,3,1,1,1
2023-10-28,Wolves,Newcastle,2,2,E0,4,1,1,1
2023-10-29,West Ham,Everton,0,1,E0,1,0,0,0
2023-10-29,Aston Villa,Luton,3,1,E0,4,1,1,1
2023-10-29,Brighton,Fulham,1,1,E0,2,1,0,1
2023-10-29,Liverpool,Nott'm Forest,3,0,E0,3,1,1,0
2023-10-29,Man United,Man City,0,3,E0,3,1,1,0
2023-11-04,Fulham,Man United,0,1,E0,1,0,0,0
2023-11-04,Brentford,West Ham,3,2,E0,5,1,1,1
2023-11-04,Burnley,Crystal Palace,0,2,E0,2,1,0,0
2023-11-04,Everton,Brighton,1,1,E0,2,1,0,1
2023-11-04,Man City,Bournemouth,6,1,E0,7,1,1,1
2023-11-04,Sheffield United,Wolves,2,1,E0,3,1,1,1
2023-11-04,Newcastle,Arsenal,1,0,E0,1,0,0,0
2023-11-05,Nott'm Forest,Aston Villa,2,0,E0,2,1,0,0
2023-11-05,Luton,Liverpool,1,1,E0,2,1,0,1
2023-11-06,Tottenham,Chelsea,1,4,E0,5,1,1,1
2023-11-11,Wolves,Tottenham,2,1,E0,3,1,1,1
2023-11-11,Arsenal,Burnley,3,1,E0,4,1,1,1
2023-11-11,Crystal Palace,Everton,2,3,E0,5,1,1,1
2023-11-11,Man United,Luton,1,0,E0,1,0,0,0
2023-11-11,Bournemouth,Newcastle,2,0,E0,2,1,0,0
2023-11-12,Aston Villa,Fulham,3,1,E0,4,1,1,1
2023-11-12,Brighton,Sheffield United,1,1,E0,2,1,0,1
2023-11-12,Liverpool,Brentford,3,0,E0,3,1,1,0
2023-11-12,West Ham,Nott'm Forest,3,2,E0,5,1,1,1
2023-11-12,Chelsea,Man City,4,4,E0,8,1,1,1
2023-11-25,Man City,Liverpool,1,1,E0,2,1,0,1
2023-11-25,Burnley,West Ham,1,2,E0,3,1,1,1
2023-11-25,Luton,Crystal Palace,2,1,E0,3,1,1,1
2023-11-25,Newcastle,Chelsea,4,1,E0,5,1,1,1
2023-11-25,Nott'm Forest,Brighton,2,3,E0,5,1,1,1
2023-11-25,Sheffield United,Bournemouth,1,3,E0,4,1,1,1
2023-11-25,Brentford,Arsenal,0,1,E0,1,0,0,0
2023-11-26,Tottenham,Aston Villa,1,2,E0,3,1,1,1
2023-11-26,Everton,Man United,0,3,E0,3,1,1,0
2023-11-27,Fulham,Wolves,3,2,E0,5,1,1,1
2023-12-02,Arsenal,Wolves,2,1,E0,3,1,1,1
2023-12-02,Brentford,Luton,3,1,E0,4,1,1,1
2023-12-02,Burnley,Sheffield United,5,0,E0,5,1,1,0
2023-12-02,Nott'm Forest,Everton,0,1,E0,1,0,0,0
2023-12-02,Newcastle,Man United,1,0,E0,1,0,0,0
2023-12-03,Bournemouth,Aston Villa,2,2,E0,4,1,1,1
2023-12-03,Chelsea,Brighton,3,2,E0,5,1,1,1
2023-12-03,Liverpool,Fulham,4,3,E0,7,1,1,1
2023-12-03,West Ham,Crystal Palace,1,1,E0,2,1,0,1
2023-12-03,Man City,Tottenham,3,3,E0,6,1,1,1
2023-12-05,Wolves,Burnley,1,0,E0,1,0,0,0
2023-12-05,Luton,Arsenal,3,4,E0,7,1,1,1
2023-12-06,Brighton,Brentford,2,1,E0,3,1,1,1
2023-12-06,Crystal Palace,Bournemouth,0,2,E0,2,1,0,0
2023-12-06,Fulham,Nott'm Forest,5,0,E0,5,1,1,0
2023-12-06,Sheffield United,Liverpool,0,2,E0,2,1,0,0
2023-12-06,Aston Villa,Man City,1,0,E0,1,0,0,0
2023-12-06,Man United,Chelsea,2,1,E0,3,1,1,1
2023-12-07,Everton,Newcastle,3,0,E0,3,1,1,0
2023-12-07,Tottenham,West Ham,1,2,E0,3,1,1,1
2023-12-09,Crystal Palace,Liverpool,1,2,E0,3,1,1,1
2023-12-09,Brighton,Burnley,1,1,E0,2,1,0,1
2023-12-09,Man United,Bournemouth,0,3,E0,3,1,1,0
2023-12-09,Sheffield United,Brentford,1,0,E0,1,0,0,0
2023-12-09,Wolves,Nott'm Forest,1,1,E0,2,1,0,1
2023-12-09,Aston Villa,Arsenal,1,0,E0,1,0,0,0
2023-12-10,Everton,Chelsea,2,0,E0,2,1,0,0
2023-12-10,Fulham,West Ham,5,0,E0,5,1,1,0
2023-12-10,Luton,Man City,1,2,E0,3,1,1,1
2023-12-10,Tottenham,Newcastle,4,1,E0,5,1,1,1
2023-12-15,Nott'm Forest,Tottenham,0,2,E0,2,1,0,0
2023-12-16,Chelsea,Sheffield United,2,0,E0,2,1,0,0
2023-12-16,Man City,Crystal Palace,2,2,E0,4,1,1,1
2023-12-16,Newcastle,Fulham,3,0,E0,3,1,1,0
2023-12-16,Burnley,Everton,0,2,E0,2,1,0,0
2023-12-17,Arsenal,Brighton,2,0,E0,2,1,0,0
2023-12-17,Brentford,Aston Villa,1,2,E0,3,1,1,1
2023-12-17,West Ham,Wolves,3,0,E0,3,1,1,0
2023-12-17,Liverpool,Man United,0,0,E0,0,0,0,0
2023-12-21,Crystal Palace,Brighton,1,1,E0,2,1,0,1
2023-12-22,Aston Villa,Sheffield United,1,1,E0,2,1,0,1
2023-12-23,West Ham,Man United,2,0,E0,2,1,0,0
2023-12-23,Fulham,Burnley,0,2,E0,2,1,0,0
2023-12-23,Luton,Newcastle,1,0,E0,1,0,0,0
2023-12-23,Nott'm Forest,Bournemouth,2,3,E0,5,1,1,1
2023-12-23,Tottenham,Everton,2,1,E0,3,1,1,1
2023-12-23,Liverpool,Arsenal,1,1,E0,2,1,0,1
2023-12-24,Wolves,Chelsea,2,1,E0,3,1,1,1
2023-12-26,Newcastle,Nott'm Forest,1,3,E0,4,1,1,1
2023-12-26,Bournemouth,Fulham,3,0,E0,3,1,1,0
2023-12-26,Sheffield United,Luton,2,3,E0,5,1,1,1
2023-12-26,Burnley,Liverpool,0,2,E0,2,1,0,0
2023-12-26,Man United,Aston Villa,3,2,E0,5,1,1,1
2023-12-27,Brentford,Wolves,1,4,E0,5,1,1,1
2023-12-27,Chelsea,Crystal Palace,2,1,E0,3,1,1,1
2023-12-27,Everton,Man City,1,3,E0,4,1,1,1
2023-12-28,Brighton,Tottenham,4,2,E0,6,1,1,1
2023-12-28,Arsenal,West Ham,0,2,E0,2,1,0,0
2023-12-30,Luton,Chelsea,2,3,E0,5,1,1,1
2023-12-30,Aston Villa,Burnley,3,2,E0,5,1,1,1
2023-12-30,Crystal Palace,Brentford,3,1,E0,4,1,1,1
2023-12-30,Man City,Sheffield United,2,0,E0,2,1,0,0
2023-12-30,Wolves,Everton,3,0,E0,3,1,1,0
2023-12-30,Nott'm Forest,Man United,2,1,E0,3,1,1,1
2023-12-31,Fulham,Arsenal,2,1,E0,3,1,1,1
2023-12-31,Tottenham,Bournemouth,3,1,E0,4,1,1,1
2024-01-01,Liverpool,Newcastle,4,2,E0,6,1,1,1
2024-01-02,West Ham,Brighton,0,0,E0,0,0,0,0
2024-01-12,Burnley,Luton,1,1,E0,2,1,0,1
2024-01-13,Chelsea,Fulham,1,0,E0,1,0,0,0
2024-01-13,Newcastle,Man City,2,3,E0,5,1,1,1
2024-01-14,Everton,Aston Villa,0,0,E0,0,0,0,0
2024-01-14,Man United,Tottenham,2,2,E0,4,1,1,1
2024-01-20,Arsenal,Crystal Palace,5,0,E0,5,1,1,0
2024-01-20,Brentford,Nott'm Forest,3,2,E0,5,1,1,1
2024-01-21,Sheffield United,West Ham,2,2,E0,4,1,1,1
2024-01-21,Bournemouth,Liverpool,0,4,E0,4,1,1,0
2024-01-22,Brighton,Wolves,0,0,E0,0,0,0,0
2024-01-30,Nott'm Forest,Arsenal,1,2,E0,3,1,1,1
2024-01-30,Fulham,Everton,0,0,E0,0,0,0,0
2024-01-30,Luton,Brighton,4,0,E0,4,1,1,0
2024-01-30,Crystal Palace,Sheffield United,3,2,E0,5,1,1,1
2024-01-30,Aston Villa,Newcastle,1,3,E0,4,1,1,1
2024-01-31,Man City,Burnley,3,1,E0,4,1,1,1
2024-01-31,Tottenham,Brentford,3,2,E0,5,1,1,1
2024-01-31,Liverpool,Chelsea,4,1,E0,5,1,1,1
2024-02-01,West Ham,Bournemouth,1,1,E0,2,1,0,1
2024-02-01,Wolves,Man United,3,4,E0,7,1,1,1
2024-02-03,Everton,Tottenham,2,2,E0,4,1,1,1
2024-02-03,Brighton,Crystal Palace,4,1,E0,5,1,1,1
2024-02-03,Burnley,Fulham,2,2,E0,4,1,1,1
2024-02-03,Newcastle,Luton,4,4,E0,8,1,1,1
2024-02-03,Sheffield United,Aston Villa,0,5,E0,5,1,1,0
2024-02-04,Bournemouth,Nott'm Forest,1,1,E0,2,1,0,1
2024-02-04,Chelsea,Wolves,2,4,E0,6,1,1,1
2024-02-04,Man United,West Ham,3,0,E0,3,1,1,0
2024-02-04,Arsenal,Liverpool,3,1,E0,4,1,1,1
2024-02-05,Brentford,Man City,1,3,E0,4,1,1,1
2024-02-10,Man City,Everton,2,0,E0,2,1,0,0
2024-02-10,Fulham,Bournemouth,3,1,E0,4,1,1,1
2024-02-10,Liverpool,Burnley,3,1,E0,4,1,1,1
2024-02-10,Luton,Sheffield United,1,3,E0,4,1,1,1
2024-02-10,Tottenham,Brighton,2,1,E0,3,1,1,1
2024-02-10,Wolves,Brentford,0,2,E0,2,1,0,0
2024-02-10,Nott'm Forest,Newcastle,2,3,E0,5,1,1,1
2024-02-11,West Ham,Arsenal,0,6,E0,6,1,1,0
2024-02-11,Aston Villa,Man United,1,2,E0,3,1,1,1
2024-02-12,Crystal Palace,Chelsea,1,3,E0,4,1,1,1
2024-02-17,Brentford,Liverpool,1,4,E0,5,1,1,1
2024-02-17,Burnley,Arsenal,0,5,E0,5,1,1,0
2024-02-17,Fulham,Aston Villa,1,2,E0,3,1,1,1
2024-02-17,Newcastle,Bournemouth,2,2,E0,4,1,1,1
2024-02-17,Nott'm Forest,West Ham,2,0,E0,2,1,0,0
2024-02-17,Tottenham,Wolves,1,2,E0,3,1,1,1
2024-02-17,Man City,Chelsea,1,1,E0,2,1,0,1
2024-02-18,Sheffield United,Brighton,0,5,E0,5,1,1,0
2024-02-18,Luton,Man United,1,2,E0,3,1,1,1
2024-02-19,Everton,Crystal Palace,1,1,E0,2,1,0,1
2024-02-20,Man City,Brentford,1,0,E0,1,0,0,0
2024-02-21,Liverpool,Luton,4,1,E0,5,1,1,1
2024-02-24,Aston Villa,Nott'm Forest,4,2,E0,6,1,1,1
2024-02-24,Brighton,Everton,1,1,E0,2,1,0,1
2024-02-24,Crystal Palace,Burnley,3,0,E0,3,1,1,0
2024-02-24,Man United,Fulham,1,2,E0,3,1,1,1
2024-02-24,Bournemouth,Man City,0,1,E0,1,0,0,0
2024-02-24,Arsenal,Newcastle,4,1,E0,5,1,1,1
2024-02-25,Wolves,Sheffield United,1,0,E0,1,0,0,0
2024-02-26,West Ham,Brentford,4,2,E0,6,1,1,1
2024-03-02,Brentford,Chelsea,2,2,E0,4,1,1,1
2024-03-02,Everton,West Ham,1,3,E0,4,1,1,1
2024-03-02,Fulham,Brighton,3,0,E0,3,1,1,0
2024-03-02,Newcastle,Wolves,3,0,E0,3,1,1,0
2024-03-02,Nott'm Forest,Liverpool,0,1,E0,1,0,0,0
2024-03-02,Tottenham,Crystal Palace,3,1,E0,4,1,1,1
2024-03-02,Luton,Aston Villa,2,3,E0,5,1,1,1
2024-03-03,Burnley,Bournemouth,0,2,E0,2,1,0,0
2024-03-03,Man City,Man United,3,1,E0,4,1,1,1
2024-03-04,Sheffield United,Arsenal,0,6,E0,6,1,1,0
2024-03-09,Man United,Everton,2,0,E0,2,1,0,0
2024-03-09,Bournemouth,Sheffield United,2,2,E0,4,1,1,1
2024-03-09,Crystal Palace,Luton,1,1,E0,2,1,0,1
2024-03-09,Wolves,Fulham,2,1,E0,3,1,1,1
2024-03-09,Arsenal,Brentford,2,1,E0,3,1,1,1
2024-03-10,Aston Villa,Tottenham,0,4,E0,4,1,1,0
2024-03-10,Brighton,Nott'm Forest,1,0,E0,1,0,0,0
2024-03-10,West Ham,Burnley,2,2,E0,4,1,1,1
2024-03-10,Liverpool,Man City,1,1,E0,2,1,0,1
2024-03-11,Chelsea,Newcastle,3,2,E0,5,1,1,1
2024-03-13,Bournemouth,Luton,4,3,E0,7,1,1,1
2024-03-16,Burnley,Brentford,2,1,E0,3,1,1,1
2024-03-16,Luton,Nott'm Forest,1,1,E0,2,1,0,1
2024-03-16,Fulham,Tottenham,3,0,E0,3,1,1,0
2024-03-17,West Ham,Aston Villa,1,1,E0,2,1,0,1
2024-03-30,Newcastle,West Ham,4,3,E0,7,1,1,1
2024-03-30,Bournemouth,Everton,2,1,E0,3,1,1,1
2024-03-30,Chelsea,Burnley,2,2,E0,4,1,1,1
2024-03-30,Nott'm Forest,Crystal Palace,1,1,E0,2,1,0,1
2024-03-30,Sheffield United,Fulham,3,3,E0,6,1,1,1
2024-03-30,Tottenham,Luton,2,1,E0,3,1,1,1
2024-03-30,Aston Villa,Wolves,2,0,E0,2,1,0,0
2024-03-30,Brentford,Man United,1,1,E0,2,1,0,1
2024-03-31,Liverpool,Brighton,2,1,E0,3,1,1,1
2024-03-31,Man City,Arsenal,0,0,E0,0,0,0,0
2024-04-02,Newcastle,Everton,1,1,E0,2,1,0,1
2024-04-02,Nott'm Forest,Fulham,3,1,E0,4,1,1,1
2024-04-02,Bournemouth,Crystal Palace,1,0,E0,1,0,0,0
2024-04-02,Burnley,Wolves,1,1,E0,2,1,0,1
2024-04-02,West Ham,Tottenham,1,1,E0,2,1,0,1
2024-04-03,Arsenal,Luton,2,0,E0,2,1,0,0
2024-04-03,Brentford,Brighton,0,0,E0,0,0,0,0
2024-04-03,Man City,Aston Villa,4,1,E0,5,1,1,1
2024-04-04,Liverpool,Sheffield United,3,1,E0,4,1,1,1
2024-04-04,Chelsea,Man United,4,3,E0,7,1,1,1
2024-04-06,Crystal Palace,Man City,2,4,E0,6,1,1,1
2024-04-06,Aston Villa,Brentford,3,3,E0,6,1,1,1
2024-04-06,Everton,Burnley,1,0,E0,1,0,0,0
2024-04-06,Fulham,Newcastle,0,1,E0,1,0,0,0
2024-04-06,Luton,Bournemouth,2,1,E0,3,1,1,1
2024-04-06,Wolves,West Ham,1,2,E0,3,1,1,1
2024-04-06,Brighton,Arsenal,0,3,E0,3,1,1,0
2024-04-07,Man United,Liverpool,2,2,E0,4,1,1,1
2024-04-07,Sheffield United,Chelsea,2,2,E0,4,1,1,1
2024-04-07,Tottenham,Nott'm Forest,3,1,E0,4,1,1,1
2024-04-13,Newcastle,Tottenham,4,0,E0,4,1,1,0
2024-04-13,Brentford,Sheffield United,2,0,E0,2,1,0,0
2024-04-13,Burnley,Brighton,1,1,E0,2,1,0,1
2024-04-13,Man City,Luton,5,1,E0,6,1,1,1
2024-04-13,Nott'm Forest,Wolves,2,2,E0,4,1,1,1
2024-04-13,Bournemouth,Man United,2,2,E0,4,1,1,1
2024-04-14,Liverpool,Crystal Palace,0,1,E0,1,0,0,0
2024-04-14,West Ham,Fulham,0,2,E0,2,1,0,0
2024-04-14,Arsenal,Aston Villa,0,2,E0,2,1,0,0
2024-04-15,Chelsea,Everton,6,0,E0,6,1,1,0
2024-04-20,Luton,Brentford,1,5,E0,6,1,1,1
2024-04-20,Sheffield United,Burnley,1,4,E0,5,1,1,1
2024-04-20,Wolves,Arsenal,0,2,E0,2,1,0,0
2024-04-21,Everton,Nott'm Forest,2,0,E0,2,1,0,0
2024-04-21,Aston Villa,Bournemouth,3,1,E0,4,1,1,1
2024-04-21,Crystal Palace,West Ham,5,2,E0,7,1,1,1
2024-04-21,Fulham,Liverpool,1,3,E0,4,1,1,1
2024-04-23,Arsenal,Chelsea,5,0,E0,5,1,1,0
2024-04-24,Wolves,Bournemouth,0,1,E0,1,0,0,0
2024-04-24,Crystal Palace,Newcastle,2,0,E0,2,1,0,0
2024-04-24,Everton,Liverpool,2,0,E0,2,1,0,0
2024-04-24,Man United,Sheffield United,4,2,E0,6,1,1,1
2024-04-25,Brighton,Man City,0,4,E0,4,1,1,0
2024-04-27,West Ham,Liverpool,2,2,E0,4,1,1,1
2024-04-27,Fulham,Crystal Palace,1,1,E0,2,1,0,1
2024-04-27,Man United,Burnley,1,1,E0,2,1,0,1
2024-04-27,Newcastle,Sheffield United,5,1,E0,6,1,1,1
2024-04-27,Wolves,Luton,2,1,E0,3,1,1,1
2024-04-27,Everton,Brentford,1,0,E0,1,0,0,0
2024-04-27,Aston Villa,Chelsea,2,2,E0,4,1,1,1
2024-04-28,Bournemouth,Brighton,3,0,E0,3,1,1,0
2024-04-28,Tottenham,Arsenal,2,3,E0,5,1,1,1
2024-04-28,Nott'm Forest,Man City,0,2,E0,2,1,0,0
2024-05-02,Chelsea,Tottenham,2,0,E0,2,1,0,0
2024-05-03,Luton,Everton,1,1,E0,2,1,0,1
2024-05-04,Arsenal,Bournemouth,3,0,E0,3,1,1,0
2024-05-04,Brentford,Fulham,0,0,E0,0,0,0,0
2024-05-04,Burnley,Newcastle,1,4,E0,5,1,1,1
2024-05-04,Sheffield United,Nott'm Forest,1,3,E0,4,1,1,1
2024-05-04,Man City,Wolves,5,1,E0,6,1,1,1
2024-05-05,Brighton,Aston Villa,1,0,E0,1,0,0,0
2024-05-05,Chelsea,West Ham,5,0,E0,5,1,1,0
2024-05-05,Liverpool,Tottenham,4,2,E0,6,1,1,1
2024-05-06,Crystal Palace,Man United,4,0,E0,4,1,1,0
2024-05-11,Fulham,Man City,0,4,E0,4,1,1,0
2024-05-11,Bournemouth,Brentford,1,2,E0,3,1,1,1
2024-05-11,Everton,Sheffield United,1,0,E0,1,0,0,0
2024-05-11,Newcastle,Brighton,1,1,E0,2,1,0,1
2024-05-11,Tottenham,Burnley,2,1,E0,3,1,1,1
2024-05-11,West Ham,Luton,3,1,E0,4,1,1,1
2024-05-11,Wolves,Crystal Palace,1,3,E0,4,1,1,1
2024-05-11,Nott'm Forest,Chelsea,2,3,E0,5,1,1,1
2024-05-12,Man United,Arsenal,0,1,E0,1,0,0,0
2024-05-13,Aston Villa,Liverpool,3,3,E0,6,1,1,1
2024-05-14,Tottenham,Man City,0,2,E0,2,1,0,0
2024-05-15,Brighton,Chelsea,1,2,E0,3,1,1,1
2024-05-15,Man United,Newcastle,3,2,E0,5,1,1,1
2024-05-19,Arsenal,Everton,2,1,E0,3,1,1,1
2024-05-19,Brentford,Newcastle,2,4,E0,6,1,1,1
2024-05-19,Brighton,Man United,0,2,E0,2,1,0,0
2024-05-19,Burnley,Nott'm Forest,1,2,E0,3,1,1,1
2024-05-19,Chelsea,Bournemouth,2,1,E0,3,1,1,1
2024-05-19,Crystal Palace,Aston Villa,5,0,E0,5,1,1,0
2024-05-19,Liverpool,Wolves,2,0,E0,2,1,0,0
2024-05-19,Luton,Fulham,2,4,E0,6,1,1,1
2024-05-19,Man City,West Ham,3,1,E0,4,1,1,1
2024-05-19,Sheffield United,Tottenham,0,3,E0,3,1,1,0
2023-08-04,Sheffield Weds,Southampton,1,2,E1,3,1,1,1
2023-08-05,Blackburn,West Brom,2,1,E1,3,1,1,1
2023-08-05,Bristol City,Preston,1,1,E1,2,1,0,1
2023-08-05,Middlesbrough,Millwall,0,1,E1,1,0,0,0
2023-08-05,Norwich,Hull,2,1,E1,3,1,1,1
2023-08-05,Plymouth,Huddersfield,3,1,E1,4,1,1,1
2023-08-05,Stoke,Rotherham,4,1,E1,5,1,1,1
2023-08-05,Swansea,Birmingham,1,1,E1,2,1,0,1
2023-08-05,Watford,QPR,4,0,E1,4,1,1,0
2023-08-06,Leicester,Coventry,2,1,E1,3,1,1,1
2023-08-06,Leeds,Cardiff,2,2,E1,4,1,1,1
2023-08-06,Sunderland,Ipswich,1,2,E1,3,1,1,1
2023-08-12,Coventry,Middlesbrough,3,0,E1,3,1,1,0
2023-08-12,Birmingham,Leeds,1,0,E1,1,0,0,0
2023-08-12,Cardiff,QPR,1,2,E1,3,1,1,1
2023-08-12,Huddersfield,Leicester,0,1,E1,1,0,0,0
2023-08-12,Hull,Sheffield Weds,4,2,E1,6,1,1,1
2023-08-12,Ipswich,Stoke,2,0,E1,2,1,0,0
2023-08-12,Millwall,Bristol City,0,1,E1,1,0,0,0
2023-08-12,Preston,Sunderland,2,1,E1,3,1,1,1
2023-08-12,Rotherham,Blackburn,2,2,E1,4,1,1,1
2023-08-12,Southampton,Norwich,4,4,E1,8,1,1,1
2023-08-12,Watford,Plymouth,0,0,E1,0,0,0,0
2023-08-12,West Brom,Swansea,3,2,E1,5,1,1,1
2023-08-18,Leeds,West Brom,1,1,E1,2,1,0,1
2023-08-19,Plymouth,Southampton,1,2,E1,3,1,1,1
2023-08-19,Blackburn,Hull,1,2,E1,3,1,1,1
2023-08-19,Bristol City,Birmingham,0,2,E1,2,1,0,0
2023-08-19,Leicester,Cardiff,2,1,E1,3,1,1,1
2023-08-19,Middlesbrough,Huddersfield,1,1,E1,2,1,0,1
2023-08-19,QPR,Ipswich,0,1,E1,1,0,0,0
2023-08-19,Sheffield Weds,Preston,0,1,E1,1,0,0,0
2023-08-19,Stoke,Watford,1,0,E1,1,0,0,0
2023-08-19,Sunderland,Rotherham,2,1,E1,3,1,1,1
2023-08-19,Swansea,Coventry,1,1,E1,2,1,0,1
2023-08-20,Norwich,Millwall,3,1,E1,4,1,1,1
2023-08-25,Hull,Bristol City,1,1,E1,2,1,0,1
2023-08-26,Birmingham,Plymouth,2,1,E1,3,1,1,1
2023-08-26,Cardiff,Sheffield Weds,2,1,E1,3,1,1,1
2023-08-26,Coventry,Sunderland,0,0,E1,0,0,0,0
2023-08-26,Huddersfield,Norwich,0,4,E1,4,1,1,0
2023-08-26,Ipswich,Leeds,3,4,E1,7,1,1,1
2023-08-26,Millwall,Stoke,1,0,E1,1,0,0,0
2023-08-26,Preston,Swansea,2,1,E1,3,1,1,1
2023-08-26,Rotherham,Leicester,1,2,E1,3,1,1,1
2023-08-26,Southampton,QPR,2,1,E1,3,1,1,1
2023-08-26,West Brom,Middlesbrough,4,2,E1,6,1,1,1
2023-08-27,Watford,Blackburn,0,1,E1,1,0,0,0
2023-09-02,Birmingham,Millwall,1,1,E1,2,1,0,1
2023-09-02,Sunderland,Southampton,5,0,E1,5,1,1,0
2023-09-02,Swansea,Bristol City,1,2,E1,3,1,1,1
2023-09-02,Coventry,Watford,3,3,E1,6,1,1,1
2023-09-02,Ipswich,Cardiff,3,2,E1,5,1,1,1
2023-09-02,Leeds,Sheffield Weds,0,0,E1,0,0,0,0
2023-09-02,Leicester,Hull,0,1,E1,1,0,0,0
2023-09-02,Middlesbrough,QPR,0,2,E1,2,1,0,0
2023-09-02,Plymouth,Blackburn,3,0,E1,3,1,1,0
2023-09-02,Rotherham,Norwich,2,1,E1,3,1,1,1
2023-09-02,Stoke,Preston,0,2,E1,2,1,0,0
2023-09-02,West Brom,Huddersfield,1,2,E1,3,1,1,1
2023-09-15,Hull,Coventry,1,1,E1,2,1,0,1
2023-09-15,Southampton,Leicester,1,4,E1,5,1,1,1
2023-09-16,Blackburn,Middlesbrough,2,1,E1,3,1,1,1
2023-09-16,Bristol City,West Brom,0,0,E1,0,0,0,0
2023-09-16,Huddersfield,Rotherham,2,0,E1,2,1,0,0
2023-09-16,Norwich,Stoke,1,0,E1,1,0,0,0
2023-09-16,Preston,Plymouth,2,1,E1,3,1,1,1
2023-09-16,QPR,Sunderland,1,3,E1,4,1,1,1
2023-09-16,Sheffield Weds,Ipswich,0,1,E1,1,0,0,0
2023-09-16,Watford,Birmingham,2,0,E1,2,1,0,0
2023-09-16,Cardiff,Swansea,2,0,E1,2,1,0,0
2023-09-17,Millwall,Leeds,0,3,E1,3,1,1,0
2023-09-19,Bristol City,Plymouth,4,1,E1,5,1,1,1
2023-09-19,Cardiff,Coventry,3,2,E1,5,1,1,1
2023-09-19,Preston,Birmingham,2,1,E1,3,1,1,1
2023-09-19,QPR,Swansea,1,1,E1,2,1,0,1
2023-09-19,Southampton,Ipswich,0,1,E1,1,0,0,0
2023-09-19,Sheffield Weds,Middlesbrough,1,1,E1,2,1,0,1
2023-09-20,Blackburn,Sunderland,1,3,E1,4,1,1,1
2023-09-20,Huddersfield,Stoke,2,2,E1,4,1,1,1
2023-09-20,Hull,Leeds,0,0,E1,0,0,0,0
2023-09-20,Millwall,Rotherham,3,0,E1,3,1,1,0
2023-09-20,Watford,West Brom,2,2,E1,4,1,1,1
2023-09-20,Norwich,Leicester,0,2,E1,2,1,0,0
2023-09-22,Birmingham,QPR,0,0,E1,0,0,0,0
2023-09-23,Ipswich,Blackburn,4,3,E1,7,1,1,1
2023-09-23,Leeds,Watford,3,0,E1,3,1,1,0
2023-09-23,Leicester,Bristol City,1,0,E1,1,0,0,0
2023-09-23,Middlesbrough,Southampton,2,1,E1,3,1,1,1
2023-09-23,Plymouth,Norwich,6,2,E1,8,1,1,1
2023-09-23,Rotherham,Preston,1,1,E1,2,1,0,1
2023-09-23,Swansea,Sheffield Weds,3,0,E1,3,1,1,0
2023-09-23,West Brom,Millwall,0,0,E1,0,0,0,0
2023-09-24,Stoke,Hull,1,3,E1,4,1,1,1
2023-09-24,Sunderland,Cardiff,0,1,E1,1,0,0,0
2023-09-25,Coventry,Huddersfield,1,1,E1,2,1,0,1
2023-09-29,Sheffield Weds,Sunderland,0,3,E1,3,1,1,0
2023-09-30,Southampton,Leeds,3,1,E1,4,1,1,1
2023-09-30,Bristol City,Stoke,2,3,E1,5,1,1,1
2023-09-30,Cardiff,Rotherham,2,0,E1,2,1,0,0
2023-09-30,Huddersfield,Ipswich,1,1,E1,2,1,0,1
2023-09-30,Hull,Plymouth,1,1,E1,2,1,0,1
2023-09-30,Millwall,Swansea,0,3,E1,3,1,1,0
2023-09-30,Norwich,Birmingham,2,0,E1,2,1,0,0
2023-09-30,Preston,West Brom,0,4,E1,4,1,1,0
2023-09-30,QPR,Coventry,1,3,E1,4,1,1,1
2023-09-30,Watford,Middlesbrough,2,3,E1,5,1,1,1
2023-10-01,Blackburn,Leicester,1,4,E1,5,1,1,1
2023-10-03,Birmingham,Huddersfield,4,1,E1,5,1,1,1
2023-10-03,Ipswich,Hull,3,0,E1,3,1,1,0
2023-10-03,Middlesbrough,Cardiff,2,0,E1,2,1,0,0
2023-10-03,Plymouth,Millwall,0,2,E1,2,1,0,0
2023-10-03,Stoke,Southampton,0,1,E1,1,0,0,0
2023-10-03,West Brom,Sheffield Weds,1,0,E1,1,0,0,0
2023-10-04,Coventry,Blackburn,1,0,E1,1,0,0,0
2023-10-04,Leeds,QPR,1,0,E1,1,0,0,0
2023-10-04,Leicester,Preston,3,0,E1,3,1,1,0
2023-10-04,Sunderland,Watford,2,0,E1,2,1,0,0
2023-10-04,Swansea,Norwich,2,1,E1,3,1,1,1
2023-10-04,Rotherham,Bristol City,1,2,E1,3,1,1,1
2023-10-06,Birmingham,West Brom,3,1,E1,4,1,1,1
2023-10-07,Sunderland,Middlesbrough,0,4,E1,4,1,1,0
2023-10-07,Cardiff,Watford,1,1,E1,2,1,0,1
2023-10-07,Coventry,Norwich,1,1,E1,2,1,0,1
2023-10-07,Ipswich,Preston,4,2,E1,6,1,1,1
2023-10-07,Leeds,Bristol City,2,1,E1,3,1,1,1
2023-10-07,Leicester,Stoke,2,0,E1,2,1,0,0
2023-10-07,Millwall,Hull,2,2,E1,4,1,1,1
2023-10-07,Plymouth,Swansea,1,3,E1,4,1,1,1
2023-10-07,QPR,Blackburn,0,4,E1,4,1,1,0
2023-10-07,Sheffield Weds,Huddersfield,0,0,E1,0,0,0,0
2023-10-07,Southampton,Rotherham,1,1,E1,2,1,0,1
2023-10-21,Preston,Millwall,1,1,E1,2,1,0,1
2023-10-21,Blackburn,Cardiff,1,0,E1,1,0,0,0
2023-10-21,Bristol City,Coventry,1,0,E1,1,0,0,0
2023-10-21,Huddersfield,QPR,2,1,E1,3,1,1,1
2023-10-21,Hull,Southampton,1,2,E1,3,1,1,1
2023-10-21,Middlesbrough,Birmingham,1,0,E1,1,0,0,0
2023-10-21,Norwich,Leeds,2,3,E1,5,1,1,1
2023-10-21,Stoke,Sunderland,2,1,E1,3,1,1,1
2023-10-21,Swansea,Leicester,1,3,E1,4,1,1,1
2023-10-21,Watford,Sheffield Weds,1,0,E1,1,0,0,0
2023-10-21,West Brom,Plymouth,0,0,E1,0,0,0,0
2023-10-24,Huddersfield,Cardiff,0,4,E1,4,1,1,0
2023-10-24,Millwall,Blackburn,1,2,E1,3,1,1,1
2023-10-24,Norwich,Middlesbrough,1,2,E1,3,1,1,1
2023-10-24,Swansea,Watford,0,1,E1,1,0,0,0
2023-10-24,Leicester,Sunderland,1,0,E1,1,0,0,0
2023-10-24,West Brom,QPR,2,0,E1,2,1,0,0
2023-10-25,Birmingham,Hull,0,2,E1,2,1,0,0
2023-10-25,Bristol City,Ipswich,0,1,E1,1,0,0,0
2023-10-25,Plymouth,Sheffield Weds,3,0,E1,3,1,1,0
2023-10-25,Preston,Southampton,2,2,E1,4,1,1,1
2023-10-25,Rotherham,Coventry,2,0,E1,2,1,0,0
2023-10-25,Stoke,Leeds,1,0,E1,1,0,0,0
2023-10-28,Leeds,Huddersfield,4,1,E1,5,1,1,1
2023-10-28,Southampton,Birmingham,3,1,E1,4,1,1,1
2023-10-28,Blackburn,Swansea,0,1,E1,1,0,0,0
2023-10-28,Cardiff,Bristol City,2,0,E1,2,1,0,0
2023-10-28,Hull,Preston,1,0,E1,1,0,0,0
2023-10-28,Ipswich,Plymouth,3,2,E1,5,1,1,1
2023-10-28,Middlesbrough,Stoke,0,2,E1,2,1,0,0
2023-10-28,QPR,Leicester,1,2,E1,3,1,1,1
2023-10-28,Sunderland,Norwich,3,1,E1,4,1,1,1
2023-10-28,Watford,Millwall,2,2,E1,4,1,1,1
2023-10-29,Sheffield Weds,Rotherham,2,0,E1,2,1,0,0
2023-10-30,Coventry,West Brom,0,2,E1,2,1,0,0
2023-11-03,Leicester,Leeds,0,1,E1,1,0,0,0
2023-11-04,Birmingham,Ipswich,2,2,E1,4,1,1,1
2023-11-04,Bristol City,Sheffield Weds,1,0,E1,1,0,0,0
2023-11-04,Huddersfield,Watford,0,0,E1,0,0,0,0
2023-11-04,Millwall,Southampton,0,1,E1,1,0,0,0
2023-11-04,Plymouth,Middlesbrough,3,3,E1,6,1,1,1
2023-11-04,Preston,Coventry,3,2,E1,5,1,1,1
2023-11-04,Rotherham,QPR,1,1,E1,2,1,0,1
2023-11-04,Stoke,Cardiff,0,0,E1,0,0,0,0
2023-11-04,Swansea,Sunderland,0,0,E1,0,0,0,0
2023-11-04,West Brom,Hull,3,1,E1,4,1,1,1
2023-11-05,Norwich,Blackburn,1,3,E1,4,1,1,1
2023-11-07,Rotherham,Ipswich,2,2,E1,4,1,1,1
2023-11-10,Blackburn,Preston,1,2,E1,3,1,1,1
2023-11-11,Sunderland,Birmingham,3,1,E1,4,1,1,1
2023-11-11,Cardiff,Norwich,2,3,E1,5,1,1,1
2023-11-11,Coventry,Stoke,0,0,E1,0,0,0,0
2023-11-11,Hull,Huddersfield,1,0,E1,1,0,0,0
2023-11-11,Ipswich,Swansea,3,2,E1,5,1,1,1
2023-11-11,Leeds,Plymouth,2,1,E1,3,1,1,1
2023-11-11,Middlesbrough,Leicester,1,0,E1,1,0,0,0
2023-11-11,QPR,Bristol City,0,0,E1,0,0,0,0
2023-11-11,Sheffield Weds,Millwall,0,4,E1,4,1,1,0
2023-11-11,Southampton,West Brom,2,1,E1,3,1,1,1
2023-11-11,Watford,Rotherham,5,0,E1,5,1,1,0
2023-11-24,Rotherham,Leeds,1,1,E1,2,1,0,1
2023-11-25,Birmingham,Sheffield Weds,2,1,E1,3,1,1,1
2023-11-25,Bristol City,Middlesbrough,3,2,E1,5,1,1,1
2023-11-25,Huddersfield,Southampton,1,1,E1,2,1,0,1
2023-11-25,Leicester,Watford,2,0,E1,2,1,0,0
2023-11-25,Millwall,Coventry,0,3,E1,3,1,1,0
2023-11-25,Norwich,QPR,1,0,E1,1,0,0,0
2023-11-25,Plymouth,Sunderland,2,0,E1,2,1,0,0
2023-11-25,Preston,Cardiff,1,2,E1,3,1,1,1
2023-11-25,Stoke,Blackburn,0,3,E1,3,1,1,0
2023-11-25,Swansea,Hull,2,2,E1,4,1,1,1
2023-11-25,West Brom,Ipswich,2,0,E1,2,1,0,0
2023-11-28,Cardiff,West Brom,0,1,E1,1,0,0,0
2023-11-28,Coventry,Plymouth,1,0,E1,1,0,0,0
2023-11-28,Hull,Rotherham,4,1,E1,5,1,1,1
2023-11-28,Middlesbrough,Preston,4,0,E1,4,1,1,0
2023-11-28,QPR,Stoke,4,2,E1,6,1,1,1
2023-11-28,Watford,Norwich,3,2,E1,5,1,1,1
2023-11-29,Blackburn,Birmingham,4,2,E1,6,1,1,1
2023-11-29,Leeds,Swansea,3,1,E1,4,1,1,1
2023-11-29,Sheffield Weds,Leicester,1,1,E1,2,1,0,1
2023-11-29,Southampton,Bristol City,1,0,E1,1,0,0,0
2023-11-29,Sunderland,Huddersfield,1,2,E1,3,1,1,1
2023-11-29,Ipswich,Millwall,3,1,E1,4,1,1,1
2023-12-01,Preston,QPR,0,2,E1,2,1,0,0
2023-12-02,West Brom,Leicester,1,2,E1,3,1,1,1
2023-12-02,Birmingham,Rotherham,0,0,E1,0,0,0,0
2023-12-02,Hull,Watford,1,2,E1,3,1,1,1
2023-12-02,Ipswich,Coventry,2,1,E1,3,1,1,1
2023-12-02,Leeds,Middlesbrough,3,2,E1,5,1,1,1
2023-12-02,Millwall,Sunderland,1,1,E1,2,1,0,1
2023-12-02,Plymouth,Stoke,2,1,E1,3,1,1,1
2023-12-02,Sheffield Weds,Blackburn,3,1,E1,4,1,1,1
2023-12-02,Southampton,Cardiff,2,0,E1,2,1,0,0
2023-12-02,Swansea,Huddersfield,1,1,E1,2,1,0,1
2023-12-03,Bristol City,Norwich,1,2,E1,3,1,1,1
2023-12-08,Coventry,Birmingham,2,0,E1,2,1,0,0
2023-12-09,Blackburn,Leeds,0,2,E1,2,1,0,0
2023-12-09,Sunderland,West Brom,2,1,E1,3,1,1,1
2023-12-09,Cardiff,Millwall,1,0,E1,1,0,0,0
2023-12-09,Huddersfield,Bristol City,1,1,E1,2,1,0,1
2023-12-09,Leicester,Plymouth,4,0,E1,4,1,1,0
2023-12-09,Middlesbrough,Ipswich,0,2,E1,2,1,0,0
2023-12-09,Norwich,Preston,0,0,E1,0,0,0,0
2023-12-09,QPR,Hull,2,0,E1,2,1,0,0
2023-12-09,Rotherham,Swansea,1,2,E1,3,1,1,1
2023-12-09,Stoke,Sheffield Weds,0,1,E1,1,0,0,0
2023-12-09,Watford,Southampton,1,1,E1,2,1,0,1
2023-12-12,Blackburn,Bristol City,2,1,E1,3,1,1,1
2023-12-12,Huddersfield,Preston,1,3,E1,4,1,1,1
2023-12-12,Rotherham,West Brom,0,2,E1,2,1,0,0
2023-12-12,Stoke,Swansea,1,1,E1,2,1,0,1
2023-12-12,Watford,Ipswich,1,2,E1,3,1,1,1
2023-12-12,Sunderland,Leeds,1,0,E1,1,0,0,0
2023-12-13,Cardiff,Birmingham,0,1,E1,1,0,0,0
2023-12-13,Coventry,Southampton,1,1,E1,2,1,0,1
2023-12-13,Leicester,Millwall,3,2,E1,5,1,1,1
2023-12-13,Norwich,Sheffield Weds,3,1,E1,4,1,1,1
2023-12-13,QPR,Plymouth,0,0,E1,0,0,0,0
2023-12-13,Middlesbrough,Hull,1,2,E1,3,1,1,1
2023-12-16,Ipswich,Norwich,2,2,E1,4,1,1,1
2023-12-16,Bristol City,Sunderland,1,0,E1,1,0,0,0
2023-12-16,Hull,Cardiff,3,0,E1,3,1,1,0
2023-12-16,Leeds,Coventry,1,1,E1,2,1,0,1
2023-12-16,Millwall,Huddersfield,1,1,E1,2,1,0,1
2023-12-16,Plymouth,Rotherham,3,2,E1,5,1,1,1
2023-12-16,Preston,Watford,1,5,E1,6,1,1,1
2023-12-16,Sheffield Weds,QPR,2,1,E1,3,1,1,1
2023-12-16,Southampton,Blackburn,4,0,E1,4,1,1,0
2023-12-16,Swansea,Middlesbrough,1,2,E1,3,1,1,1
2023-12-17,West Brom,Stoke,1,1,E1,2,1,0,1
2023-12-18,Birmingham,Leicester,2,3,E1,5,1,1,1
2023-12-22,Bristol City,Hull,3,2,E1,5,1,1,1
2023-12-22,Swansea,Preston,2,1,E1,3,1,1,1
2023-12-23,Leeds,Ipswich,4,0,E1,4,1,1,0
2023-12-23,Blackburn,Watford,1,2,E1,3,1,1,1
2023-12-23,Leicester,Rotherham,3,0,E1,3,1,1,0
2023-12-23,Middlesbrough,West Brom,1,0,E1,1,0,0,0
2023-12-23,Norwich,Huddersfield,2,0,E1,2,1,0,0
2023-12-23,Plymouth,Birmingham,3,3,E1,6,1,1,1
2023-12-23,QPR,Southampton,0,1,E1,1,0,0,0
2023-12-23,Sheffield Weds,Cardiff,1,2,E1,3,1,1,1
2023-12-23,Stoke,Millwall,0,0,E1,0,0,0,0
2023-12-23,Sunderland,Coventry,0,3,E1,3,1,1,0
2023-12-26,Preston,Leeds,2,1,E1,3,1,1,1
2023-12-26,Millwall,QPR,2,0,E1,2,1,0,0
2023-12-26,Cardiff,Plymouth,2,2,E1,4,1,1,1
2023-12-26,Coventry,Sheffield Weds,2,0,E1,2,1,0,0
2023-12-26,Huddersfield,Blackburn,3,0,E1,3,1,1,0
2023-12-26,Hull,Sunderland,0,1,E1,1,0,0,0
2023-12-26,Rotherham,Middlesbrough,1,0,E1,1,0,0,0
2023-12-26,Southampton,Swansea,5,0,E1,5,1,1,0
2023-12-26,Watford,Bristol City,1,4,E1,5,1,1,1
2023-12-26,West Brom,Norwich,1,0,E1,1,0,0,0
2023-12-26,Birmingham,Stoke,1,3,E1,4,1,1,1
2023-12-26,Ipswich,Leicester,1,1,E1,2,1,0,1
2023-12-29,Southampton,Plymouth,2,1,E1,3,1,1,1
2023-12-29,Birmingham,Bristol City,0,0,E1,0,0,0,0
2023-12-29,Cardiff,Leicester,0,2,E1,2,1,0,0
2023-12-29,Coventry,Swansea,2,2,E1,4,1,1,1
2023-12-29,Huddersfield,Middlesbrough,1,2,E1,3,1,1,1
2023-12-29,Hull,Blackburn,3,2,E1,5,1,1,1
2023-12-29,Ipswich,QPR,0,0,E1,0,0,0,0
2023-12-29,Millwall,Norwich,1,0,E1,1,0,0,0
2023-12-29,Preston,Sheffield Weds,0,1,E1,1,0,0,0
2023-12-29,Rotherham,Sunderland,1,1,E1,2,1,0,1
2023-12-29,Watford,Stoke,1,1,E1,2,1,0,1
2023-12-29,West Brom,Leeds,1,0,E1,1,0,0,0
2024-01-01,Sunderland,Preston,2,0,E1,2,1,0,0
2024-01-01,Blackburn,Rotherham,2,2,E1,4,1,1,1
2024-01-01,Bristol City,Millwall,0,1,E1,1,0,0,0
2024-01-01,Leeds,Birmingham,3,0,E1,3,1,1,0
2024-01-01,Leicester,Huddersfield,4,1,E1,5,1,1,1
2024-01-01,Middlesbrough,Coventry,1,3,E1,4,1,1,1
2024-01-01,Norwich,Southampton,1,1,E1,2,1,0,1
2024-01-01,Plymouth,Watford,3,3,E1,6,1,1,1
2024-01-01,QPR,Cardiff,1,2,E1,3,1,1,1
2024-01-01,Stoke,Ipswich,0,0,E1,0,0,0,0
2024-01-01,Swansea,West Brom,1,0,E1,1,0,0,0
2024-01-01,Sheffield Weds,Hull,3,1,E1,4,1,1,1
2024-01-12,Hull,Norwich,1,2,E1,3,1,1,1
2024-01-13,Coventry,Leicester,3,1,E1,4,1,1,1
2024-01-13,Birmingham,Swansea,2,2,E1,4,1,1,1
2024-01-13,Cardiff,Leeds,0,3,E1,3,1,1,0
2024-01-13,Huddersfield,Plymouth,1,1,E1,2,1,0,1
2024-01-13,Millwall,Middlesbrough,1,3,E1,4,1,1,1
2024-01-13,Preston,Bristol City,2,0,E1,2,1,0,0
2024-01-13,Rotherham,Stoke,0,1,E1,1,0,0,0
2024-01-13,Southampton,Sheffield Weds,4,0,E1,4,1,1,0
2024-01-13,West Brom,Blackburn,4,1,E1,5,1,1,1
2024-01-13,Ipswich,Sunderland,2,1,E1,3,1,1,1
2024-01-14,QPR,Watford,1,2,E1,3,1,1,1
2024-01-19,Sunderland,Hull,0,1,E1,1,0,0,0
2024-01-20,Swansea,Southampton,1,3,E1,4,1,1,1
2024-01-20,Blackburn,Huddersfield,1,1,E1,2,1,0,1
2024-01-20,Bristol City,Watford,1,1,E1,2,1,0,1
2024-01-20,Middlesbrough,Rotherham,1,1,E1,2,1,0,1
2024-01-20,Norwich,West Brom,2,0,E1,2,1,0,0
2024-01-20,Plymouth,Cardiff,3,1,E1,4,1,1,1
2024-01-20,QPR,Millwall,2,0,E1,2,1,0,0
2024-01-20,Sheffield Weds,Coventry,1,2,E1,3,1,1,1
2024-01-20,Stoke,Birmingham,1,2,E1,3,1,1,1
2024-01-21,Leeds,Preston,2,1,E1,3,1,1,1
2024-01-22,Leicester,Ipswich,1,1,E1,2,1,0,1
2024-01-24,Leeds,Norwich,1,0,E1,1,0,0,0
2024-01-27,Millwall,Preston,1,1,E1,2,1,0,1
2024-01-27,Sunderland,Stoke,3,1,E1,4,1,1,1
2024-01-28,QPR,Huddersfield,1,1,E1,2,1,0,1
2024-01-30,Coventry,Bristol City,2,2,E1,4,1,1,1
2024-01-30,Leicester,Swansea,3,1,E1,4,1,1,1
2024-01-31,Sheffield Weds,Watford,0,0,E1,0,0,0,0
2024-02-02,Bristol City,Leeds,0,1,E1,1,0,0,0
2024-02-03,Blackburn,QPR,1,2,E1,3,1,1,1
2024-02-03,Huddersfield,Sheffield Weds,4,0,E1,4,1,1,0
2024-02-03,Hull,Millwall,1,0,E1,1,0,0,0
2024-02-03,Norwich,Coventry,2,1,E1,3,1,1,1
2024-02-03,Preston,Ipswich,3,2,E1,5,1,1,1
2024-02-03,Rotherham,Southampton,0,2,E1,2,1,0,0
2024-02-03,Stoke,Leicester,0,5,E1,5,1,1,0
2024-02-03,Swansea,Plymouth,0,1,E1,1,0,0,0
2024-02-03,Watford,Cardiff,0,1,E1,1,0,0,0
2024-02-03,West Brom,Birmingham,1,0,E1,1,0,0,0
2024-02-04,Middlesbrough,Sunderland,1,1,E1,2,1,0,1
2024-02-09,Sheffield Weds,Birmingham,2,0,E1,2,1,0,0
2024-02-10,Ipswich,West Brom,2,2,E1,4,1,1,1
2024-02-10,Blackburn,Stoke,3,1,E1,4,1,1,1
2024-02-10,Cardiff,Preston,0,2,E1,2,1,0,0
2024-02-10,Hull,Swansea,0,1,E1,1,0,0,0
2024-02-10,Leeds,Rotherham,3,0,E1,3,1,1,0
2024-02-10,Middlesbrough,Bristol City,1,2,E1,3,1,1,1
2024-02-10,QPR,Norwich,2,2,E1,4,1,1,1
2024-02-10,Southampton,Huddersfield,5,3,E1,8,1,1,1
2024-02-10,Sunderland,Plymouth,3,1,E1,4,1,1,1
2024-02-10,Watford,Leicester,1,2,E1,3,1,1,1
2024-02-11,Coventry,Millwall,2,1,E1,3,1,1,1
2024-02-13,Birmingham,Blackburn,1,0,E1,1,0,0,0
2024-02-13,Leicester,Sheffield Weds,2,0,E1,2,1,0,0
2024-02-13,Norwich,Watford,4,2,E1,6,1,1,1
2024-02-13,Rotherham,Hull,1,2,E1,3,1,1,1
2024-02-13,Swansea,Leeds,0,4,E1,4,1,1,0
2024-02-13,Bristol City,Southampton,3,1,E1,4,1,1,1
2024-02-13,West Brom,Cardiff,2,0,E1,2,1,0,0
2024-02-14,Huddersfield,Sunderland,1,0,E1,1,0,0,0
2024-02-14,Plymouth,Coventry,2,2,E1,4,1,1,1
2024-02-14,Preston,Middlesbrough,2,1,E1,3,1,1,1
2024-02-14,Stoke,QPR,1,0,E1,1,0,0,0
2024-02-14,Millwall,Ipswich,0,4,E1,4,1,1,0
2024-02-16,West Brom,Southampton,0,2,E1,2,1,0,0
2024-02-17,Plymouth,Leeds,0,2,E1,2,1,0,0
2024-02-17,Birmingham,Sunderland,2,1,E1,3,1,1,1
2024-02-17,Bristol City,QPR,0,1,E1,1,0,0,0
2024-02-17,Huddersfield,Hull,1,2,E1,3,1,1,1
2024-02-17,Leicester,Middlesbrough,1,2,E1,3,1,1,1
2024-02-17,Millwall,Sheffield Weds,0,2,E1,2,1,0,0
2024-02-17,Norwich,Cardiff,4,1,E1,5,1,1,1
2024-02-17,Preston,Blackburn,2,2,E1,4,1,1,1
2024-02-17,Rotherham,Watford,0,1,E1,1,0,0,0
2024-02-17,Stoke,Coventry,0,1,E1,1,0,0,0
2024-02-17,Swansea,Ipswich,1,2,E1,3,1,1,1
2024-02-20,Cardiff,Blackburn,0,0,E1,0,0,0,0
2024-02-20,Ipswich,Rotherham,4,3,E1,7,1,1,1
2024-02-20,Plymouth,West Brom,0,3,E1,3,1,1,0
2024-02-20,Southampton,Hull,1,2,E1,3,1,1,1
2024-02-23,Coventry,Preston,0,3,E1,3,1,1,0
2024-02-23,Leeds,Leicester,3,1,E1,4,1,1,1
2024-02-24,Hull,West Brom,1,1,E1,2,1,0,1
2024-02-24,Blackburn,Norwich,1,1,E1,2,1,0,1
2024-02-24,Cardiff,Stoke,2,1,E1,3,1,1,1
2024-02-24,Ipswich,Birmingham,3,1,E1,4,1,1,1
2024-02-24,Middlesbrough,Plymouth,0,2,E1,2,1,0,0
2024-02-24,QPR,Rotherham,2,1,E1,3,1,1,1
2024-02-24,Sheffield Weds,Bristol City,2,1,E1,3,1,1,1
2024-02-24,Southampton,Millwall,1,2,E1,3,1,1,1
2024-02-24,Sunderland,Swansea,1,2,E1,3,1,1,1
2024-02-24,Watford,Huddersfield,1,2,E1,3,1,1,1
2024-03-01,West Brom,Coventry,2,1,E1,3,1,1,1
2024-03-02,Bristol City,Cardiff,0,1,E1,1,0,0,0
2024-03-02,Huddersfield,Leeds,1,1,E1,2,1,0,1
2024-03-02,Birmingham,Southampton,3,4,E1,7,1,1,1
2024-03-02,Leicester,QPR,1,2,E1,3,1,1,1
2024-03-02,Millwall,Watford,1,0,E1,1,0,0,0
2024-03-02,Norwich,Sunderland,1,0,E1,1,0,0,0
2024-03-02,Plymouth,Ipswich,0,2,E1,2,1,0,0
2024-03-02,Preston,Hull,0,0,E1,0,0,0,0
2024-03-02,Rotherham,Sheffield Weds,0,1,E1,1,0,0,0
2024-03-02,Stoke,Middlesbrough,2,0,E1,2,1,0,0
2024-03-02,Swansea,Blackburn,2,1,E1,3,1,1,1
2024-03-05,Blackburn,Millwall,1,1,E1,2,1,0,1
2024-03-05,Coventry,Rotherham,5,0,E1,5,1,1,0
2024-03-05,Hull,Birmingham,1,1,E1,2,1,0,1
2024-03-05,Leeds,Stoke,1,0,E1,1,0,0,0
2024-03-05,Sheffield Weds,Plymouth,1,0,E1,1,0,0,0
2024-03-05,Sunderland,Leicester,0,1,E1,1,0,0,0
2024-03-05,Ipswich,Bristol City,3,2,E1,5,1,1,1
2024-03-06,Cardiff,Huddersfield,1,0,E1,1,0,0,0
2024-03-06,Middlesbrough,Norwich,3,1,E1,4,1,1,1
2024-03-06,Watford,Swansea,1,1,E1,2,1,0,1
2024-03-06,QPR,West Brom,2,2,E1,4,1,1,1
2024-03-08,Sheffield Weds,Leeds,0,2,E1,2,1,0,0
2024-03-09,Cardiff,Ipswich,2,1,E1,3,1,1,1
2024-03-09,Blackburn,Plymouth,1,1,E1,2,1,0,1
2024-03-09,Hull,Leicester,2,2,E1,4,1,1,1
2024-03-09,Millwall,Birmingham,1,0,E1,1,0,0,0
2024-03-09,Norwich,Rotherham,5,0,E1,5,1,1,0
2024-03-09,Preston,Stoke,1,2,E1,3,1,1,1
2024-03-09,QPR,Middlesbrough,0,2,E1,2,1,0,0
2024-03-09,Southampton,Sunderland,4,2,E1,6,1,1,1
2024-03-09,Watford,Coventry,1,2,E1,3,1,1,1
2024-03-10,Huddersfield,West Brom,1,4,E1,5,1,1,1
2024-03-10,Bristol City,Swansea,1,0,E1,1,0,0,0
2024-03-12,Birmingham,Middlesbrough,0,1,E1,1,0,0,0
2024-03-16,Swansea,Cardiff,2,0,E1,2,1,0,0
2024-03-16,Birmingham,Watford,0,1,E1,1,0,0,0
2024-03-16,Ipswich,Sheffield Weds,6,0,E1,6,1,1,0
2024-03-16,Middlesbrough,Blackburn,0,0,E1,0,0,0,0
2024-03-16,Plymouth,Preston,0,1,E1,1,0,0,0
2024-03-16,Rotherham,Huddersfield,0,0,E1,0,0,0,0
2024-03-16,Stoke,Norwich,0,3,E1,3,1,1,0
2024-03-16,Sunderland,QPR,0,0,E1,0,0,0,0
2024-03-16,West Brom,Bristol City,2,0,E1,2,1,0,0
2024-03-17,Leeds,Millwall,2,0,E1,2,1,0,0
2024-03-29,Bristol City,Leicester,1,0,E1,1,0,0,0
2024-03-29,Millwall,West Brom,1,1,E1,2,1,0,1
2024-03-29,Cardiff,Sunderland,0,2,E1,2,1,0,0
2024-03-29,Huddersfield,Coventry,1,3,E1,4,1,1,1
2024-03-29,Hull,Stoke,0,2,E1,2,1,0,0
2024-03-29,Norwich,Plymouth,2,1,E1,3,1,1,1
2024-03-29,Preston,Rotherham,3,0,E1,3,1,1,0
2024-03-29,QPR,Birmingham,2,1,E1,3,1,1,1
2024-03-29,Sheffield Weds,Swansea,1,1,E1,2,1,0,1
2024-03-29,Southampton,Middlesbrough,1,1,E1,2,1,0,1
2024-03-29,Blackburn,Ipswich,0,1,E1,1,0,0,0
2024-03-29,Watford,Leeds,2,2,E1,4,1,1,1
2024-04-01,Leicester,Norwich,3,1,E1,4,1,1,1
2024-04-01,Birmingham,Preston,1,0,E1,1,0,0,0
2024-04-01,Coventry,Cardiff,1,2,E1,3,1,1,1
2024-04-01,Middlesbrough,Sheffield Weds,2,0,E1,2,1,0,0
2024-04-01,Plymouth,Bristol City,0,1,E1,1,0,0,0
2024-04-01,Rotherham,Millwall,2,1,E1,3,1,1,1
2024-04-01,Stoke,Huddersfield,1,1,E1,2,1,0,1
2024-04-01,Sunderland,Blackburn,1,5,E1,6,1,1,1
2024-04-01,Swansea,QPR,0,1,E1,1,0,0,0
2024-04-01,West Brom,Watford,2,2,E1,4,1,1,1
2024-04-01,Ipswich,Southampton,3,2,E1,5,1,1,1
2024-04-01,Leeds,Hull,3,1,E1,4,1,1,1
2024-04-05,Rotherham,Plymouth,0,1,E1,1,0,0,0
2024-04-06,Norwich,Ipswich,1,0,E1,1,0,0,0
2024-04-06,Blackburn,Southampton,0,0,E1,0,0,0,0
2024-04-06,Cardiff,Hull,1,3,E1,4,1,1,1
2024-04-06,Coventry,Leeds,2,1,E1,3,1,1,1
2024-04-06,Huddersfield,Millwall,1,0,E1,1,0,0,0
2024-04-06,Leicester,Birmingham,2,1,E1,3,1,1,1
2024-04-06,Middlesbrough,Swansea,2,0,E1,2,1,0,0
2024-04-06,QPR,Sheffield Weds,0,2,E1,2,1,0,0
2024-04-06,Stoke,West Brom,2,2,E1,4,1,1,1
2024-04-06,Sunderland,Bristol City,0,0,E1,0,0,0,0
2024-04-06,Watford,Preston,0,0,E1,0,0,0,0
2024-04-09,Millwall,Leicester,1,0,E1,1,0,0,0
2024-04-09,Plymouth,QPR,1,1,E1,2,1,0,1
2024-04-09,Preston,Huddersfield,4,1,E1,5,1,1,1
2024-04-09,Sheffield Weds,Norwich,2,2,E1,4,1,1,1
2024-04-09,Southampton,Coventry,2,1,E1,3,1,1,1
2024-04-09,Leeds,Sunderland,0,0,E1,0,0,0,0
2024-04-10,Birmingham,Cardiff,0,1,E1,1,0,0,0
2024-04-10,Bristol City,Blackburn,5,0,E1,5,1,1,0
2024-04-10,Hull,Middlesbrough,2,2,E1,4,1,1,1
2024-04-10,Ipswich,Watford,0,0,E1,0,0,0,0
2024-04-10,Swansea,Stoke,3,0,E1,3,1,1,0
2024-04-10,West Brom,Rotherham,2,0,E1,2,1,0,0
2024-04-12,Plymouth,Leicester,1,0,E1,1,0,0,0
2024-04-13,Leeds,Blackburn,0,1,E1,1,0,0,0
2024-04-13,Birmingham,Coventry,3,0,E1,3,1,1,0
2024-04-13,Bristol City,Huddersfield,1,1,E1,2,1,0,1
2024-04-13,Hull,QPR,3,0,E1,3,1,1,0
2024-04-13,Ipswich,Middlesbrough,1,1,E1,2,1,0,1
2024-04-13,Millwall,Cardiff,3,1,E1,4,1,1,1
2024-04-13,Preston,Norwich,0,1,E1,1,0,0,0
2024-04-13,Sheffield Weds,Stoke,1,1,E1,2,1,0,1
2024-04-13,Southampton,Watford,3,2,E1,5,1,1,1
2024-04-13,Swansea,Rotherham,1,0,E1,1,0,0,0
2024-04-13,West Brom,Sunderland,0,1,E1,1,0,0,0
2024-04-16,Southampton,Preston,3,0,E1,3,1,1,0
2024-04-20,Leicester,West Brom,2,1,E1,3,1,1,1
2024-04-20,Cardiff,Southampton,2,1,E1,3,1,1,1
2024-04-20,Huddersfield,Swansea,0,4,E1,4,1,1,0
2024-04-20,Norwich,Bristol City,1,1,E1,2,1,0,1
2024-04-20,Rotherham,Birmingham,0,0,E1,0,0,0,0
2024-04-20,Stoke,Plymouth,3,0,E1,3,1,1,0
2024-04-20,Sunderland,Millwall,0,1,E1,1,0,0,0
2024-04-20,Watford,Hull,0,0,E1,0,0,0,0
2024-04-20,QPR,Preston,1,0,E1,1,0,0,0
2024-04-21,Blackburn,Sheffield Weds,1,3,E1,4,1,1,1
2024-04-22,Middlesbrough,Leeds,3,4,E1,7,1,1,1
2024-04-23,Leicester,Southampton,5,0,E1,5,1,1,0
2024-04-24,Coventry,Hull,2,3,E1,5,1,1,1
2024-04-26,QPR,Leeds,4,0,E1,4,1,1,0
2024-04-27,Blackburn,Coventry,0,0,E1,0,0,0,0
2024-04-27,Bristol City,Rotherham,2,0,E1,2,1,0,0
2024-04-27,Cardiff,Middlesbrough,1,4,E1,5,1,1,1
2024-04-27,Huddersfield,Birmingham,1,1,E1,2,1,0,1
2024-04-27,Millwall,Plymouth,1,0,E1,1,0,0,0
2024-04-27,Norwich,Swansea,2,2,E1,4,1,1,1
2024-04-27,Sheffield Weds,West Brom,3,0,E1,3,1,1,0
2024-04-27,Southampton,Stoke,0,1,E1,1,0,0,0
2024-04-27,Watford,Sunderland,1,0,E1,1,0,0,0
2024-04-27,Hull,Ipswich,3,3,E1,6,1,1,1
2024-04-29,Preston,Leicester,0,3,E1,3,1,1,0
2024-04-30,Coventry,Ipswich,1,2,E1,3,1,1,1
2024-05-04,Birmingham,Norwich,1,0,E1,1,0,0,0
2024-05-04,Coventry,QPR,1,2,E1,3,1,1,1
2024-05-04,Ipswich,Huddersfield,2,0,E1,2,1,0,0
2024-05-04,Leeds,Southampton,1,2,E1,3,1,1,1
2024-05-04,Leicester,Blackburn,0,2,E1,2,1,0,0
2024-05-04,Middlesbrough,Watford,3,1,E1,4,1,1,1
2024-05-04,Plymouth,Hull,1,0,E1,1,0,0,0
2024-05-04,Rotherham,Cardiff,5,2,E1,7,1,1,1
2024-05-04,Stoke,Bristol City,4,0,E1,4,1,1,0
2024-05-04,Sunderland,Sheffield Weds,0,2,E1,2,1,0,0
2024-05-04,Swansea,Millwall,0,1,E1,1,0,0,0
2024-05-04,West Brom,Preston,3,0,E1,3,1,1,0
